_id,orden,localizacion_codigo_postal,titulo,seo_url,created,contenido,localizacion_zoom,resumen,archivo,localizacion_pais,longitude,modified,fecha_finalizacion,id,localizacion_municipio,localizacion_direccion,localizacion_latitud_utm,fecha_publicacion,latitude,localizacion_longitud_utm,extra_url
1,1,0,Catedral,../catedral-de-santiago,2010-04-15T16:17:00,"<h3>Visitar la Catedral</h3> <p>Abierta: Todos los d&iacute;as del a&ntilde;o, de 7 a 21 horas.<br />Entrada: Gratuita, excepto zonas del museo <br /><a href=""http://www.catedraldesantiago.com"">www.catedraldesantiago.com</a><br /><a href=""http://www.catedraldesantiago.es"">www.catedraldesantiago.es</a></p> <p>Sacrist&iacute;a de la Catedral de Santiago<br /> Tel: (+34) 981 583 548</p> <p><strong>Oficina de Acogida de Peregrinos </strong><br />R&uacute;a do Vilar, 1. 15705 Santiago de Compostela <br />Tel: (+ 34) 981 568 846. <br />Horario: Abril-oct: Todos los d&iacute;as, 9-21 h. Nov-marzo: Lu-Vi: 10- 20h; domingos y festivos: 10-14 h, 16-20 h.<br /><a href=""http://www.peregrinossantiago.com"">www.peregrinossantiago.com</a><br /><a href=""mailto:info@peregrinossantiago.com"">info@peregrinossantiago.com</a></p> <p><strong>Visitar las cubiertas de la Catedral</strong><br />Acceso: Pazo de Xelm&iacute;rez<br />Horarios y precio: Consultar. <br />Tel: (+34) 981 552 985 Fax: (+34) 981 554 403<br /><a href=""mailto:cubiertascatedral@archicompostela.org"">cubiertascatedral@archicompostela.org</a></p> <p><strong>Visitar el Museo Catedralicio</strong><br />Abierto: Todos los d&iacute;as del a&ntilde;o, excepto 1 y 6 de enero, 25 de julio, 15 de agosto y 25 de diciembre. Tardes cerrado: Martes de Carnaval, 19 de marzo, Jueves y Viernes Santo, 1 de noviembre; 8, 24 y 31 de diciembre.<br />Accesos: Plaza del Obradoiro (claustro y cripta) e interior de la Catedral (Capilla de las Reliquias, Pante&oacute;n Real y Tesoro).<br />Horarios y precio: Consultar. <br /><a href=""http://www.catedraldesantiago.es/webcatedral.html "">http://www.catedraldesantiago.es/webcatedral.html </a></p> <p><strong>Visitar las excavaciones arqueol&oacute;gicas</strong><br />Posibilidad &uacute;nica de bajar al subsuelo del templo.<br />Horarios y precio: Consultar. <br />Reserva imprescindible. Tel: (+34) 981 552 985 <br /><a href=""mailto:excavaciones@catedraldesantiago.es"">excavaciones@catedraldesantiago.es</a></p> <p><strong>Obtener el Jubileo</strong><br />De acuerdo con la gracia del Jubileo otorgada a la Catedral en 1122 por el Papa Calixto II, los fieles que visiten el templo durante el A&ntilde;o Santo pueden obtener la absoluci&oacute;n plenaria. Son a&ntilde;os santos compostelanos aquellos en que el d&iacute;a 25 de julio &ndash;D&iacute;a de Santiago- cae en domingo. Esto ocurre cada 5, 6, 5 y 11 a&ntilde;os. El pr&oacute;ximo, tras 2010, ser&aacute; 2021.&nbsp; <br /><br />Abrazar al Santo y acceso a la Cripta: Todos los d&iacute;as, 9.30&ndash;13.30 h, 16&ndash;19.30 h.<br /><br /><strong>Ver el Botafumeiro</strong><br />El Botafumeiro sigue un calendario fijo de celebraciones lit&uacute;rgicas. Fuera de estas fechas, debe ser solicitado al Can&oacute;nigo Delegado de Peregrinaciones y conlleva hacer una ofrenda a la Catedral. <br />Fechas fijas: 6 de enero: Epifan&iacute;a. Domingo de Resurrecci&oacute;n. Ascensi&oacute;n del Se&ntilde;or. Pentecost&eacute;s (50 d&iacute;as despu&eacute;s de Pascua). 23 de mayo: Aniversario de la Batalla de Clavijo. 25 de julio: Santiago Ap&oacute;stol. 15 de agosto: Asunci&oacute;n. 1 de noviembre: Todos los Santos. Festividad de Cristo Rey. 8 de diciembre: Inmaculada Concepci&oacute;n. 25 de diciembre: Navidad. 30 de diciembre: Traslaci&oacute;n del Santo Ap&oacute;stol</p> <p>M&aacute;s informaci&oacute;n en <a href=""http://www.santiagoturismo.com"">www.santiagoturismo.com</a><br /><br /></p> <h3>Ir  a misa</h3> <p><strong>Horarios de culto:</strong><br /><br /><strong>Altar Mayor</strong><br /><br /><strong>Domingos y festivos </strong><br />9.30 h:&nbsp; Rezo de Laudes<br />10.00 h: Santa Misa Capitular<br />12.00 h: Santa Misa del Peregrino<br />13.15 h: Santa Misa<br />18.00 h: Santa Misa<br />19.30 h: Santa Misa</p> <p><strong>S&aacute;bados y v&iacute;speras de festivos</strong><br />9.30 h:&nbsp; Santa Misa Capitular con el rezo de Laudes<br />12.00 h: Santa Misa<br />18.00 h: Santa Misa en lengua gallega<br />19.30 h: Santa Misa</p> <p><strong>Laborables</strong><br />9.30 h: Santa Misa Capitular con el rezo de Laudes<br />12.00 h: Santa Misa<br />19.30 h: Santa Misa<br /><br /><strong>Capilla del Sant&iacute;simo (o Comuni&oacute;n)</strong><br />Misas: Todos los d&iacute;as, 7,30, 8, 9 y 11 h.<br />Exposici&oacute;n del Sant&iacute;simo: 11.30 h.<br />Adoraci&oacute;n del Sant&iacute;simo: 11.30 &ndash; 19 h.<br />Rosario: Todos los d&iacute;as, 18.45 h.<br />Bendici&oacute;n con el Sant&iacute;simo: 19 h.<br /><br /><strong>Parroquia de la Corticela</strong><br />Misa: Todos los d&iacute;as, 11.15 h.<br /><br /><strong>Encuentro de Oraci&oacute;n del Peregrino</strong><br />Capilla del Pilar, de mayo a octubre. Lunes-viernes, 20&ndash; 21 h. S&aacute;bados, 20.30 &ndash; 21.30 h.</p> <p>La Catedral de Santiago, concebida como una peque&ntilde;a ciudad de piedra en torno a unas reliquias y dotada de vida propia, evolucion&oacute; con vitalidad a lo largo de los a&ntilde;os, mostr&aacute;ndose hoy como un conjunto heterog&eacute;neo de estilos y tendencias de diferente signo y cronolog&iacute;a que se fueron superponiendo sucesivamente.</p> <div id=""banner-catedral"" onclick=""document.location.href='http://www.santiagoturismo.com/catedral-de-santiago'""> <div class=""banner-catedral-titulo""><a title=""La Catedral"" href=""http://www.santiagoturismo.com/catedral-de-santiago"">La Catedral</a></div> <div class=""banner-catedral-contenido""> <p>La Catedral de Santiago de Compostela es la obra m&aacute;s sobresaliente del arte rom&aacute;nico en Espa&ntilde;a. Es, adem&aacute;s, la meta final de todos los <a title=""Caminos de Santiago"" href=""http://www.santiagoturismo.com/camino-de-santiago"">Caminos de Santiago</a>, que durante siglos han llevado a los peregrinos de la Cristiandad hacia la tumba de un ap&oacute;stol. <a title=""A Catedral"" href=""http://www.santiagoturismo.com/catedral-de-santiago""><em>&raquo; Seguir leyendo</em></a></p> </div> </div> <p><em><br /></em></p>",0, ,SantiagoObradoiroreducido.jpg, ,-8.54522800,2020-11-16T08:22:00,0,130, ,Praza do Obradoiro,4762574.69585149,2010-03-04T12:10:00,42.88055600,4762574.69585149,http://www.santiagoturismo.com/monumentos/../catedral-de-santiago
2,2,15704,Mercado de Abastos,mercado-de-abastos,2010-03-04T12:42:00,"<p>El actual Mercado de Abastos de Santiago fue construido en el a&ntilde;o 1941, pero para hablar de la historia del Mercado tenemos que hablar de su predecesor, el Mercado de la Ciudad. Es importante porque era la primera vez que se les daba techo a los distintos y dispersos mercados existentes en la Compostela de aquel entonces. <br /><br />En el 1937 ser&iacute;a derrumbado para la edificaci&oacute;n de la actual Plaza de Abastos.<br /><br />El Mercado lleva funcionado en estos &uacute;ltimos tres siglos, llegando a convertirse en un centro lider&nbsp;en la&nbsp;comercializaci&oacute;n de productos frescos en Santiago.</p>",17,"<p>El actual Mercado de Abastos de Santiago fue construido en el a&ntilde;o 1941, pero para hablar de la historia del Mercado tenemos que hablar de su predecesor, el Mercado de la Ciudad. Es importante porque era la primera vez que se les daba techo a los distintos y dispersos mercados existentes en la Compostela de aquel entonces.&nbsp;</p>",070319SantiagoMercadoplumaycoloremail.jpg,España,-8.54134540,2020-05-25T12:33:00,0,155,Santiago de Compostela,Travesía de Altamira,4762448.00314144,2010-03-04T12:10:00,42.87960410,4762448.00314144,http://www.santiagoturismo.com/monumentos/mercado-de-abastos
3,3,15705,Hostal dos Reis Católicos,hostal-dos-reis-catolicos,2010-04-15T16:17:00,"<p>S. XVI.<br /><br />El actual edificio fue mandado construir en 1501 por los Reyes Cat&oacute;licos para atender a los enfermos y peregrinos del divino Xacobe, seg&uacute;n se puede leer en la inscripci&oacute;n latina que recorre el friso superior de la portada. Su construcci&oacute;n, no obstante, se decidi&oacute; ya en 1492 coincidiendo con el descubrimiento de Am&eacute;rica. <br /><br />El proyecto de las obras se debe al arquitecto real Enrique Egas. Delante de la fachada podemos ver una fuerte cadena del siglo XVI sostenida por pilares esmeradamente tallados que delimita la propiedad del hospital y que tiene su origen en las disputas de propiedad entre el Ayuntamiento y las autoridades del Hospital. Cuenta con una hermosa portada plateresca obra de los maestros franceses Mart&iacute;n de Blas y Guill&eacute;n de Col&aacute;s. En las pilastras de esta portada podemos ver de abajo arriba, las figuras de Ad&aacute;n, Santa Catalina y San Juan Bautista en la izquierda y las de Eva, Santa Luc&iacute;a y Mar&iacute;a Magdalena en la derecha. En el friso de la puerta, estructurada a modo de arco triunfal romano aparecen alineadas las figuras de los doce ap&oacute;stoles. En las pechinas sobre el arco podemos ver los medallones que recogen los bustos de los reyes Isabel y Fernando. Sobre el friso, en el cuerpo superior se abre la ventana del Aposento Real, reservado para hospedar a los monarcas cuando acudieran a Compostela y flanqueada por las im&aacute;genes de Cristo, la Virgen, Santiago, San Juan Evangelista, San Pedro y San Pablo. Dos grandes escudos, con las armas de Castilla flanquean as&iacute; mismo, la portada. Recorriendo todo el frente del edificio vemos los balcones dise&ntilde;ados por fray Tom&aacute;s Alonso, apoyados en m&eacute;nsulas muy trabajadas que representan figuras fantasiosas. La cornisa se decora con una minuciosa cadena en la que sobresalen grotescas y obscenas g&aacute;rgolas. <br /><br />El espacio interior est&aacute; estructurado en una planta rectangular con cuatro patios. El m&aacute;s art&iacute;stico de estos patios es el primero que encontramos entrando a la izquierda, en el que destaca sobre todo, la puerta que conduce a la antigua sala de San Luis. El interior del Hostal alberga una hermosa capilla ojival, declarada Monumento Nacional en 1912. La parte m&aacute;s interesante de esta capilla de planta de cruz latina, situada entre los cuatro patios, es el crucero al que se accede a trav&eacute;s de un enrejado de hierro de hermosa factura, obra del cerrajero franc&eacute;s Guill&eacute;n. La b&oacute;veda del crucero, confeccionada en piedra litogr&aacute;fica de Coimbra, es de una bell&iacute;sima filigrana.</p>",19,"<p>S. XVI. El actual edificio fue mandado construir en 1501 por los Reyes Cat&oacute;licos para atender a los enfermos y peregrinos del divino Xacobe, seg&uacute;n se puede leer en la inscripci&oacute;n latina que recorre el friso superior de la portada. Su construcci&oacute;n, no obstante, se decidi&oacute; ya en 1492 coincidiendo con el descubrimiento de Am&eacute;rica.&nbsp;</p>",070105SantiagoHostalReyesCatlicosplumayacuarelaemail.jpg,España,-8.54586663,2020-11-26T14:02:00,0,111,Santiago de Compostela,Costa do Cristo ,4762637.86370517,2010-03-04T12:10:00,42.88109360,4762637.86370517,http://www.santiagoturismo.com/monumentos/hostal-dos-reis-catolicos
4,4,15705,Casa do Deán,casa-do-dean,2010-03-04T12:42:00,"<p>Mediados s. XVIII. <br /><br />Fue construida entre 1747 y 1753 por Clemente Fern&aacute;ndez Sarela. Domina el conjunto la decoraci&oacute;n de la fachada alrededor de la puerta principal, dise&ntilde;ada a base de placas, volutas y cilindros, atributos jacobeos y pin&aacute;culos, todos de considerable robustez. Destacan ya en el interior un amplio vest&iacute;bulo y una elegante escalera. La profusa decoraci&oacute;n funde la puerta y el balc&oacute;n situado encima que parece proyectarse sobre la calle. Era propiedad de Do&ntilde;a Xoana de Ulloa, perteneciente a uno de los m&aacute;s nobles linajes de Galicia, y en ella se hospedaban los obispos forasteros que visitaban Compostela. M&aacute;s tarde fue destinada al uso de los deanes de la Catedral apost&oacute;lica.<br /><br /></p>",21, ,061211SantiagoCasadelDenplumayacuarelaemail.jpg,España,-8.54419504,2019-04-05T14:44:00,0,110,Santiago de Compostela,Rúa do Vilar 1,4762482.02283859,2010-03-04T12:07:00,42.87977195,4762482.02283859,http://www.santiagoturismo.com/monumentos/casa-do-dean
5,5,15704,Casa do Cabido,casa-do-cabido-2,2010-03-04T12:42:00,"<p>Mediados s. XVIII. Barroco. <br /><br />Esta fachada ornamental de poco m&aacute;s de tres metros de fondo y levantada frente a la Puerta de Plater&iacute;as cierra la hermosa plaza en la que se asienta. Fue construida en 1758 por el arquitecto Clemente Fern&aacute;ndez Sarela con una funci&oacute;n puramente teatral: la de cerrar la plaza. Est&aacute; considerada como una de las intervenciones de escenograf&iacute;a barroca gallega m&aacute;s importantes y conocidas.</p> <p>Restaurada en 2011 por iniciativa del Consorcio de Santiago, la Casa do  Cabido ha pasado a formar parte del n&uacute;cleo muse&iacute;stico de la ciudad  hist&oacute;rica, junto con el Museo das Peregrinaci&oacute;ns y el de Santiago. La  exposici&oacute;n inaugural, 'Compostela Dicitur', ofrec&iacute;a un recorrido por la  Compostela de 1211, con motivo de la celebraci&oacute;n del 800 aniversario de  la consagraci&oacute;n de la Catedral.</p>",19,<p>Mediados s. XVIII. Barroco.&nbsp;Esta fachada ornamental de poco m&aacute;s de tres metros de fondo y levantada frente a la Puerta de Plater&iacute;as cierra la hermosa plaza en la que se asienta. Fue construida en 1758 por el arquitecto Clemente Fern&aacute;ndez Sarela con una funci&oacute;n puramente teatral: la de cerrar la plaza. Est&aacute; considerada como una de las intervenciones de escenograf&iacute;a barroca gallega m&aacute;s importantes y conocidas.</p>,061218SantiagoCasadelCabildoplumayacuarelaemail.jpg,España,-8.54433629,2020-10-26T13:35:00,0,108,Santiago de Compostela,Praza das Praterías,4762494.11824407,2010-03-04T12:07:00,42.87987397,4762494.11824407,http://www.santiagoturismo.com/monumentos/casa-do-cabido-2
6,6,15704,Monasterio e Iglesia de San Martiño Pinario,mosteiro-e-igrexa-de-san-martino-pinario,2010-05-31T10:17:00,"<p>En la Plaza de la Inmaculada se levanta este monasterio, fundado por un grupo de benedictinos que poco despu&eacute;s del descubrimiento de los restos del Ap&oacute;stol se establecieron en el lugar llamado Pignario, pr&oacute;ximo a la capilla de la Corticela (hoy integrada dentro de la Catedral), donde celebraban sus oficios. El mayor desarrollo comienza cuando en 1494 pasa a depender de la congregaci&oacute;n benedictina de Valladolid. A partir de aqu&iacute; alcanzar&aacute;n la riqueza que les va a permitir sufragar las imponentes obras de la iglesia, que constituye, junto a la Catedral, el m&aacute;s valioso conjunto del barroco gallego. Durante 1991, tras ser acondicionadas las dependencias mon&aacute;sticas y limpiados y restaurados los valiosos retablos, acogi&oacute; la exposici&oacute;n antol&oacute;gica del arte gallego 'Galicia no tempo'. En el a&ntilde;o 2000, en el que Santiago celebr&oacute; la capitalidad cultural, acogi&oacute; la exposici&oacute;n 'As Faces de Deus'. <br /><br /><strong>IGLESIA</strong><br />Los arquitectos que trabajaron en la iglesia fueron el portugu&eacute;s Mateo L&oacute;pez, que se encarg&oacute; de las primeras trazas; el granadino Bartolom&eacute; Fern&aacute;ndez Lechuga, que construye la magn&iacute;fica c&uacute;pula nervada y organiza el espacio interior consiguiendo una gran majestuosidad; el salmantino Pe&ntilde;a y Toro, que se encarga de las obras de contenci&oacute;n pues hab&iacute;an cedido los muros, y finalmente, fray Tom&aacute;s Alonso y fray Gabriel Casas, con distintas aportaciones en la fachada del monasterio, claustros, campanario y dependencias monacales. Sobre la puerta se despliega una vistosa fachada plateresca. Presiden en la parte central, entre la puerta y el &oacute;culo, la Virgen, San Bieito y San Bernardo, mientras que en el front&oacute;n que corona la portada est&aacute; San Marti&ntilde;o repartiendo su capa con un pobre. Las torres se levantan s&oacute;lo hasta la altura de la fachada, debido a la oposici&oacute;n del cabildo catedralicio, temeroso de que la bas&iacute;lica perdiese visibilidad. Para vencer el desnivel del terreno, el benedictino Pl&aacute;cido Cami&ntilde;a construy&oacute; la hermosa escalera de acceso a la puerta, sin duda inspirada en la que da acceso a la Catedral desde la fachada del Obradoiro. El templo posee planta de cruz latina con tres naves en el brazo principal y una en el transversal, recorridas por una tribuna. Se emplea la b&oacute;veda de ca&ntilde;&oacute;n en la que se enmascaran los nervios a modo de falsos casetones. Varias capillas comunicadas entre s&iacute;, se abren a cada lado del brazo longitudinal. En el interior llama poderosamente la atenci&oacute;n el fastuoso retablo mayor de estilo barroco dise&ntilde;ado por F. de Casas y Novoa y ejecutado por Romay. Cerrando los frontispicios del crucero encontramos el Retablo de San Bieito en el norte y el Retablo de la Virgen Inglesa en el sur. Adem&aacute;s de los anteriores, tambi&eacute;n podemos contemplar el Retablo de la capilla del Socorro, el de Santa Escol&aacute;stica, el del Cristo de la Paciencia y el de Santa Xertrude. Es preciso destacar as&iacute; mismo, la siller&iacute;a del coro, realizada en nogal por Mateo de Prado, y que es reconocida como la m&aacute;s importante de las realizadas en Galicia y una de las principales a nivel peninsular.<br /><br /><strong>MONASTERIO</strong><br />El monasterio es de gran sencillez y frialdad de l&iacute;neas, s&oacute;lo interrumpidas por la fachada, a la que se accede por una gran escalinata. La fachada se divide en tres partes con un eje central flanqueado por dos grandes lienzos de cuatro pisos. La torre de cinco cuerpos contribuye a romper la monoton&iacute;a de la fachada. La portada enmarcada por severas columnas d&oacute;ricas, acoge a San Bieito, rematando con la estructura a&ntilde;adida por Fernando de Casas en la que est&aacute; el escudo de Espa&ntilde;a entre vieiras y la figura de San Marti&ntilde;o de Tours. Dentro del monasterio se encuentran el claustro de las oficinas, el m&aacute;s primitivo y el claustro procesional.</p> <p><strong>&nbsp;</strong></p>",16,"<p>En la Plaza de la Inmaculada se levanta este monasterio, fundado por un grupo de benedictinos que poco despu&eacute;s del descubrimiento de los restos del Ap&oacute;stol se establecieron en el lugar llamado Pignario, pr&oacute;ximo a la capilla de la Corticela (hoy integrada dentro de la Catedral), donde celebraban sus oficios. El mayor desarrollo comienza cuando en 1494 pasa a depender de la congregaci&oacute;n benedictina de Valladolid. A partir de aqu&iacute; alcanzar&aacute;n la riqueza que les va a permitir sufragar las imponentes obras de la iglesia, que constituye, junto a la Catedral, el m&aacute;s valioso conjunto del barroco gallego.</p>",2020/08/SantiagoSanMartnPinarioplumayacuarelaemail.jpg,España,-8.54417118,2020-08-17T13:39:00,0,127,Santiago de Compostela,Praza da Inmaculada 3,4762674.20570359,2010-03-04T12:10:00,42.88150312,4762674.20570359,http://www.santiagoturismo.com/monumentos/mosteiro-e-igrexa-de-san-martino-pinario
7,7,15704,Monasterio e Iglesia de San Paio de Antealtares,mosteiro-e-igrexa-de-san-paio-de-antealtares-11,2010-03-04T12:42:00,"<p>Ss. IX-XVIII. Actualmente Barroco. <br /><br />Fue fundado en el siglo IX por Alfonso II con doce monjes benedictinos, para que cuidaran y dieran culto al recientemente aparecido sepulcro del Ap&oacute;stol Santiago. La actual construcci&oacute;n pertenece casi en su totalidad a los siglos XVII y XVIII, ya que la primitiva fue derrumbada. <br /><br />Uno de los muros laterales cierra un flanco de la Plaza de la Quintana con absoluta sobriedad, a base de muros lisos sin decoraci&oacute;n. En el centro de este muro, una l&aacute;pida recuerda la formaci&oacute;n del Batall&oacute;n Literario organizado por los universitarios compostelanos para defensa de Galicia contra las Tropas de Napole&oacute;n. <br /><br />En la fachada opuesta a la Plaza de la Quintana, encontramos la porter&iacute;a y en el &aacute;ngulo la llamada puerta de los carros. <br /><br />Tras la marcha de los monjes benedictinos en 1499, el monasterio fue ocupado por monjas de clausura. El convento se dedic&oacute; a San Paio, que siendo ni&ntilde;o fuera martirizado en C&oacute;rdoba. Su imagen degollada preside la fachada del templo. <br /><br />La iglesia, de planta de cruz griega fue dise&ntilde;ada por frei Gabriel de Casas. Destaca en su interior el retablo del altar mayor. <br /><br />A trav&eacute;s de la iglesia podemos acceder al Museo de Arte Sacra, en el que se conserva el primitivo altar que acompa&ntilde;aba al sarc&oacute;fago apost&oacute;lico y que fue regalado por Xelm&iacute;rez a este convento, substituy&eacute;ndolo por otro m&aacute;s grandioso en el interior de la catedral.</p>",19,"<p>Ss. IX-XVIII. Actualmente Barroco.&nbsp;Fue fundado en el siglo IX por Alfonso II con doce monjes benedictinos, para que cuidaran y dieran culto al recientemente aparecido sepulcro del Ap&oacute;stol Santiago. La actual construcci&oacute;n pertenece casi en su totalidad a los siglos XVII y XVIII, ya que la primitiva fue derrumbada.&nbsp;</p>",070101SantiagoSanPaioplumayacuarelaemail.jpg,España,-8.54358723,2020-06-29T10:44:00,0,128,Santiago de Compostela,Praza da Quintana de Vivos,4762589.34526853,2010-03-04T12:10:00,42.88076758,4762589.34526853,http://www.santiagoturismo.com/monumentos/mosteiro-e-igrexa-de-san-paio-de-antealtares-11
8,8,15704,Convento de Santa Clara,convento-de-santa-clara,2010-03-04T12:42:00,"<p>S. XVII. Barroco. <br /><br />Su origen conventual se remonta al siglo XIII, aunque su factura actual es fruto de la reconstrucci&oacute;n barroca, finalizada en el siglo XVII por Pedro Ar&eacute;n. <br /><br />Cuenta con una peculiar fachada-tel&oacute;n, claro ejemplo del barroco compostelano, trazada por Sim&oacute;n Rodr&iacute;guez en el siglo XVIII.&nbsp; Al fondo de un peque&ntilde;o jard&iacute;n, se esconde la verdadera fachada, m&aacute;s sencilla, que da acceso al templo. <br /><br />En su interior se conservan un retablo de Domingo de Andrade de 1700 y varios altares churriguerescos. <br /><br /></p>",17, ,070107SantiagoSantaClaraplumayacuarelaemail.jpg,España,-8.54107090,2020-06-29T14:28:00,0,142,Santiago de Compostela,Rúa de San Roque,4763044.81612780,2010-03-04T12:07:00,42.88498988,4763044.81612780,http://www.santiagoturismo.com/monumentos/convento-de-santa-clara
9,9,15702,Colegiata Santa María a Real do Sar,colexiata-santa-maria-a-real-do-sar-6,2010-03-04T12:42:00,"<p>S. XII. Rom&aacute;nica.<br /><br />Construida en el siglo XII a las orillas del r&iacute;o Sar es, junto con la Catedral, la iglesia que conserva mayor parte de su primitiva f&aacute;brica rom&aacute;nica. <br /><br />En el exterior llaman la atenci&oacute;n los robustos arbotantes construidos entre los siglos XVII y XVIII para proteger los muros septentrionales y evitar su derrumbe: bien fuese por un error t&eacute;cnico en la construcci&oacute;n, por la atrevida elevaci&oacute;n de las naves laterales, por el corrimiento del inestable terreno sobre el que se asienta, que a menudo es inundado por el r&iacute;o, o por voluntad de quienes trabajaron en su construcci&oacute;n, los muros y las columnas interiores est&aacute;n visiblemente inclinados, lo que le confiere un singular atractivo y oblig&oacute; a rehacer la b&oacute;veda de ca&ntilde;&oacute;n en el siglo XVI. <br /><br />El interior, de hermosas proporciones, impresiona a todo aquel que lo visita por la inclinaci&oacute;n de las columnas hacia las naves laterales, dando sensaci&oacute;n de inestabilidad. La pila bautismal, a la derecha de la puerta principal, es una interesante pieza arqueol&oacute;gica del siglo XII. <br /><br />A trav&eacute;s de la sacrist&iacute;a puede accederse al claustro, el &uacute;nico que posee la ciudad en estilo rom&aacute;nico. S&oacute;lo se conserva una de las alas, el resto pertenece a los siglos XVII y XVIII. Dentro se expone una <a href=""http://www.santiagoturismo.com/museos/museo-da-colexiata-do-sar"" target=""_blank"">buena colecci&oacute;n de piezas arqueol&oacute;gicas y lit&uacute;rgicas</a>.<br /><br /></p>",18,"<p>S. XII. Rom&aacute;nica.&nbsp;Construida en el siglo XII a las orillas del r&iacute;o Sar es, junto con la Catedral, la iglesia que conserva mayor parte de su primitiva f&aacute;brica rom&aacute;nica.&nbsp;</p>",070102SantiagoSantaMdeSarplumayacuarelaemail.jpg,España,-8.53701858,2020-01-10T11:32:00,0,141,Santiago de Compostela,Rúa de Sar,4761603.28404188,2010-03-04T12:10:00,42.87221001,4761603.28404188,http://www.santiagoturismo.com/monumentos/colexiata-santa-maria-a-real-do-sar-6
10,10,15702,Colegio de Fonseca,colexio-de-fonseca-3,2010-04-15T16:17:00,"<p>S. XVI. Renacentista.<br /><br />Este colegio fue mandado construir por el arzobispo Alonso de Fonseca adaptando la casa donde &eacute;l hab&iacute;a nacido y que pertenec&iacute;a a su influyente familia, para ejercer la funci&oacute;n pedag&oacute;gica. Comenz&oacute; a funcionar en el a&ntilde;o 1544 y en &eacute;l tendr&aacute; sede la Universidad Compostelana creada con el patrocinio de su familia a principios de siglo. La fachada es de estilo renacentista. Consta de dos cuerpos con estatuas g&oacute;ticas en los intercolumnios y en los nichos del friso. En el centro de la fachada, en el medio del friso que separa los dos cuerpos con los que cuenta el edificio, destaca el escudo con las cinco estrellas de los Fonseca, rodeado de las im&aacute;genes que representan a los Doctores de la Iglesia. En el interior podemos visitar el patio circundado por una leyenda epigr&aacute;fica, obra de Gil de Honta&ntilde;&oacute;n. A la derecha de la puerta est&aacute; la entrada a la capilla g&oacute;tica y a la izquierda la entrada al Sal&oacute;n Artesonado. En la actualidad acoge la Biblioteca Xeral da Universidade.</p>",19,"<p>S. XVI. Renacentista. Este colegio fue mandado construir por el arzobispo Alonso de Fonseca adaptando la casa donde &eacute;l hab&iacute;a nacido y que pertenec&iacute;a a su influyente familia, para ejercer la funci&oacute;n pedag&oacute;gica. Comenz&oacute; a funcionar en el a&ntilde;o 1544 y en &eacute;l tendr&aacute; sede la Universidad Compostelana creada con el patrocinio de su familia a principios de siglo.&nbsp;</p>",061212SantiagoColegioFonsecaplumayacuarelaemail.jpg,España,-8.54541053,2020-07-21T16:40:00,0,140,Santiago de Compostela,Rúa do Franco 3,4762447.09484368,2010-03-04T12:10:00,42.87939848,4762447.09484368,http://www.santiagoturismo.com/monumentos/colexio-de-fonseca-3
11,11,15704,Casa da Conga,casa-da-conga-1,2010-03-04T12:42:00,"<p>Principios S.XVIII. Barroco.<br /><br />Se trata de un edificio barroco constru&iacute;do para vivienda de los can&oacute;nigos de la catedral. El dise&ntilde;o inicial se debe a Domingo de Andrade, pero qui&eacute;n finaliz&oacute; la construcci&oacute;n en 1730 fue Casas y Novoa. Est&aacute; situada cerrando la parte sur de la Plaza de la Quintana.</p> <p>Se estructura como un bloque de cuatro casas con un vistoso p&oacute;rtico corrido que une las cuatro edificaciones. Es de estilo muy clasicista en contraste con la Casa da Parra situada en la parte superior de la plaza.</p> <p>En la actualidad&nbsp;es sede de Campus Stellae, instituci&oacute;n que desarrolla el centro de postgrado Instituto Europeo, el Espacio de Arte y centro coworking, as&iacute; como una oficina privada de atenci&oacute;n al peregrino. El resto est&aacute; ocupado por comercios, restaurantes, bares y cafeter&iacute;as.</p>",19, ,061211SantiagoCasadaCongaplumayacuarelaemail.jpg,España,-8.54374259,2019-04-04T09:23:00,0,109,Santiago de Compostela,Praza da Quintana de Mortos,4762527.71897801,2010-03-04T12:07:00,42.88020528,4762527.71897801,http://www.santiagoturismo.com/monumentos/casa-da-conga-1
12,12,15704,Antiguo Hospital e Iglesia de San Roque,antigo-hospital-e-igrexa-de-san-roque-7,2010-03-04T12:42:00,"<p>HOSPITAL s. XVI.</p> <p>En lo alto de R&uacute;a das Rodas, donde comienza R&uacute;a de San Roque, nos encontramos con este edificio originario del siglo XVI y transformado en el XVIII. Se levant&oacute; con fines asistenciales debido a las epidemias de peste del siglo XVI, dedic&aacute;ndose a San Roque por ser este uno de los santos m&aacute;s evocados para proteger contra esa enfermedad. Del siglo XVI conserva la fachada renacentista atribuida a Gaspar de Arce. Su estructura cuenta con planta rectangular y un claustro de dos galer&iacute;as.<br /><br />IGLESIA s. XVIII. Barroca.</p> <p>Formando conjunto con el hospital, est&aacute; la Iglesia de San Roque, de planta tambi&eacute;n rectangular y de estilo barroco. En su interior acoge uno de los m&aacute;s importantes retablos de Sim&oacute;n Rodr&iacute;guez.</p>",18, ,061218SantiagoCapilladeSanRoqueplumayacuarelaemail.jpg,España,-8.54192884,2020-09-13T16:20:00,0,148,Santiago de Compostela,Rúa de San Roque 2,4762870.40260620,2010-03-04T12:07:00,42.88337817,4762870.40260620,http://www.santiagoturismo.com/monumentos/antigo-hospital-e-igrexa-de-san-roque-7
13,13,15704,Convento del Carmen,convento-do-carme-2,2010-03-04T12:42:00,"<p>S. XVIII. Barroco. <br /><br />En la confluencia de las calles Os Loureiros y Santa Clara se alza el austero convento de las Carmelitas Descalzas, orden de clausura tra&iacute;da a Compostela por la escritora m&iacute;stica gallega Mar&iacute;a Antonia de Jes&uacute;s. De estilo carmelitano, s&oacute;lido y sencillo, en la fachada -id&eacute;ntica a la de San Jos&eacute; de &Aacute;vila- destacan la siller&iacute;a de granito y la imagen policromada de la patrona de los marineros, atribuida a Jos&eacute; Gambino.<br /><br /></p>",18, ,061212SantiagoConventodelCarmenplumayacuarelaemail.jpg,España,-8.54146198,2017-02-28T13:31:00,0,149,Santiago de Compostela,Rúa de Santa Clara 8,4763073.13233246,2010-03-04T12:07:00,42.88522579,4763073.13233246,http://www.santiagoturismo.com/monumentos/convento-do-carme-2
14,14,15703,Iglesia y Convento de San Domingos de Bonaval,igrexa-e-convento-de-san-domingos-de-bonaval,2010-03-04T12:42:00,"<p>IGLESIA: S. XIV. G&oacute;tico con reminiscencias rom&aacute;nicas. <br /><br />La iglesia fue construida en el siglo XIV siguiendo los c&aacute;nones de la arquitectura mendicante. Consta de tres naves separadas por arcos de medio punto y una estilizada capilla mayor con altas ventanas y b&oacute;veda de crucer&iacute;a. A trav&eacute;s del convento se accede a su interior, en el que destacan los cuatro sepulcros g&oacute;ticos situados a ambos lados del altar, las V&iacute;rgenes con el Ni&ntilde;o del siglo XV y la capilla del Rosario, que contiene retablos barrocos elaborados por Pedro Taboada y Francisco Castro Canseco. Es de gran inter&eacute;s el Pante&oacute;n de Galicia, situado en una capilla lateral de la iglesia, donde reposan, entre otros, Rosal&iacute;a de Castro, Castelao, Alfredo Bra&ntilde;as, Ram&oacute;n Cabanillas y Francisco Asorey. Por este motivo este templo es un lugar asociado a la memoria galleguista. El claustro alberga un interesante crucero g&oacute;tico. En la actualidad se utiliza como lugar de exposiciones y conciertos. <br /><br />CONVENTO: S. XIII. Diferentes estilos. <br /><br />Fundado seg&uacute;n la tradici&oacute;n en 1220 por Santo Domingo de Guzm&aacute;n, el edificio actual data del siglo XIV en sus partes m&aacute;s antiguas, con reformas y ampliaciones realizadas en el siglo XVII por Domingo de Andrade, que deja su huella barroca en el convento. En 1912 fue declarado Monumento Nacional. Sus dependencias albergan el Museo do Pobo Galego, en donde se conserva la memoria etnogr&aacute;fica de Galicia. A las distintas salas -dedicadas al mar, la agricultura, los oficios artesanales o el traje gallego- se accede a trav&eacute;s de la sorprendente triple escalera de caracol de Domingo de Andrade, obra emblem&aacute;tica del barroco compostelano. Cada una de sus tres rampas conduce, independientes unas de otras, a cada uno de los pisos del convento.</p>",19, ,070118SantiagoConventodeStoDomingodeBonavalplumayacuarelaemail.jpg,España,-8.53920109,2020-06-25T10:57:00,0,150,Santiago de Compostela,Costa de San Domingos,4762740.55335997,2010-03-04T12:10:00,42.88234170,4762740.55335997,http://www.santiagoturismo.com/monumentos/igrexa-e-convento-de-san-domingos-de-bonaval
15,15,15704,Convento e Iglesia de Santo Agostiño,convento-e-igrexa-de-santo-agostino,2010-03-04T12:42:00,"<p>S. XVII. Barroco <br /><br />Situado en la plaza del mismo nombre, el convento de San Agust&iacute;n se construy&oacute; a mediados del siglo XVII, con una donaci&oacute;n del Conde de Altamira, para la Orden de los Agustinos Calzados. La iglesia y el claustro son obra de Fern&aacute;ndez Lechuga. En la fachada de estilo neocl&aacute;sico se halla una imagen de la Virgen de la Cerca, as&iacute; llamada por haber estado colocada en un nicho de la antigua muralla. El proyecto inicial contaba con dos torres: la de la derecha nunca fue terminada y la de la izquierda fue destruida por un rayo en 1788. El convento fue abandonado en la &eacute;poca de la exclaustraci&oacute;n, dedic&aacute;ndose a diversos usos. En la actualidad est&aacute; ocupado por los jesuitas y funciona como colegio mayor universitario.<br /><br /></p>",19, ,070319SantiagoIglesiadeSanAgostioplumaycoloremail.jpg,España,-8.54125016,2018-10-17T10:04:00,0,151,Santiago de Compostela,Rúa de Santo Agostiño 2,4762562.17076779,2010-03-04T12:10:00,42.88063645,4762562.17076779,http://www.santiagoturismo.com/monumentos/convento-e-igrexa-de-santo-agostino
16,16,0,Pazo de Bendaña,pazo-de-bendana-1,2010-03-04T12:42:00,"<p>Mediados s. XVIII. Barroco.<br /><br />Palacio urbano obra de Clemente Fern&aacute;ndez Sarela y mandado construir por los marqueses de Benda&ntilde;a. Fue terminado en 1759. Destaca por los art&iacute;sticos balcones con enrejados del barroco compostelano y por la estatua de un Atlas o H&eacute;rcules sosteniendo el globo del mundo que corona la fachada sobre el escudo de los marqueses. Son tambi&eacute;n peculiares la robusta chimenea y la espaciosa escalera central. En el siglo XIX los originales tragaluces del cuerpo inferior se convirtieron en puertas, cambiando el aspecto de la fachada. En la actualidad alberga la <a href=""http://www.santiagoturismo.com/museos/museo-fundacion-eugenio-granell"" target=""_blank"">Fundaci&oacute;n y Museo Eugenio Granell </a>dedicado a actividades culturales y exposiciones.</p>",0,<p>Mediados s. XVIII. Barroco. Palacio urbano obra de Clemente Fern&aacute;ndez Sarela y mandado construir por los marqueses de Benda&ntilde;a. Fue terminado en 1759. Destaca por los art&iacute;sticos balcones con enrejados del barroco compostelano y por la estatua de un Atlas o H&eacute;rcules sosteniendo el globo del mundo que corona la fachada sobre el escudo de los marqueses.</p>,061226SantiagoPazodeBendaaplumayacuarelaemail.jpg, ,-8.54491700,2020-06-25T11:00:00,0,132, ,"Praza do Toural, s/n",4762253.30701645,2010-03-04T12:10:00,42.87767800,4762253.30701645,http://www.santiagoturismo.com/monumentos/pazo-de-bendana-1
17,17,15705,Colegio San Clemente de Pasantes,colexio-san-clemente-de-pasantes-2,2010-03-04T12:42:00,"<p>Se fund&oacute; en 1610 por el arzobispo Juan de Sanclemente y Torquemada para ense&ntilde;ar teolog&iacute;a, y fue denominado San Clemente de Pasantes porque en &eacute;l se admit&iacute;an &uacute;nicamente doctores, es decir, personas que ya hubiesen terminado la carrera.<br /><br />Es actual sede del Instituto de Bachillerato 'Rosal&iacute;a de Castro', aunque desde su fundaci&oacute;n ha albergado numerosas instituciones p&uacute;blicas y privadas tales como la Real Sociedad Econ&oacute;mica de Amigos del Pa&iacute;s, el Museo Arqueol&oacute;gico, la facultad de Derecho, etc. Tiene planta cuadrangular, en siller&iacute;a de granito, con dos alturas y dispuesta en torno a un patio central cl&aacute;sico, acorde con su destino universitario. En la fachada hay elementos decorativos innovadores en el barroco gallego de inicios del siglo XVII. <br /><br /></p>",19,"<p>Se fund&oacute; en 1610 por el arzobispo Juan de Sanclemente y Torquemada para ense&ntilde;ar teolog&iacute;a, y fue denominado San Clemente de Pasantes porque en &eacute;l se admit&iacute;an &uacute;nicamente doctores, es decir, personas que ya hubiesen terminado la carrera.</p>",070302SantiagoColexiodeSanClementeplumayacuarelaemail.jpg,España,-8.54628281,2017-10-11T14:56:00,0,154,Santiago de Compostela,Avenida de Figueroa,4762234.23990481,2010-03-04T12:10:00,42.87744000,4762234.23990481,http://www.santiagoturismo.com/monumentos/colexio-san-clemente-de-pasantes-2
18,18,15704,Casa da Parra,casa-da-parra-1,2010-04-15T16:17:00,"<p>Finales s. XVII. Barroca.<br /><br />Obra de Domingo de Andrade, fue objeto de reformas en el siglo XX, en el que se le a&ntilde;adi&oacute; la balaustrada superior y un piso m&aacute;s. Destaca la decoraci&oacute;n a base de racimos que enmarcan las puertas inferior y superior del lado derecho, as&iacute; como las m&eacute;nsulas labradas en la parte inferior del balc&oacute;n y la monumental chimenea.&nbsp;</p>",17,"<p>Finales s. XVII. Barroco. Obra de Domingo de Andrade, fue objeto de reformas en el siglo XX, en el que se le a&ntilde;adi&oacute; la balaustrada superior y un piso m&aacute;s. Destaca la decoraci&oacute;n a base de racimos que enmarcan las puertas inferior y superior del lado derecho, as&iacute; como las m&eacute;nsulas labradas en la parte inferior del balc&oacute;n y la monumental chimenea.</p>",CasadaParra.jpg,España,-8.54374869,2020-10-19T12:16:00,0,106,Santiago de Compostela,Praza da Quintana de Vivos 1,4762600.80091152,2010-03-04T12:10:00,42.88086286,4762600.80091152,http://www.santiagoturismo.com/monumentos/casa-da-parra-1
19,19,15704,Facultad de Geografía e Historia,facultade-de-xeografia-e-historia,2010-10-04T14:24:00,"<p>S. XVIII. Neocl&aacute;sica.</p> <p>Este edificio neocl&aacute;sico de enormes columnas fue levantado con planos de Melchor de Prado entre 1769 y 1805, en el solar que hab&iacute;a ocupado el colegio de la Compa&ntilde;&iacute;a de Jes&uacute;s. El &uacute;ltimo piso se a&ntilde;adi&oacute; a finales del s. XIX. El frontis que representaba a Minerva fue sustituido entonces por las estatuas gigantes de los benefactores de la Universidad: Lope G&oacute;mez de Marzoa, Juan de Ulloa, &Aacute;lvaro de Cadaval y el conde de Monterrey.</p> <p>En su interior destacan el claustro ajardinado con fuente, el paraninfo con frescos de Fenolera y Gonz&aacute;lez, y la sala de lectura, as&iacute; como las terrazas con vistas a toda la ciudad.</p>",17,"<p>S. XVIII. Neocl&aacute;sica. Este edificio neocl&aacute;sico de enormes columnas fue levantado con planos de Melchor de Prado entre 1769 y 1805, en el solar que hab&iacute;a ocupado el colegio de la Compa&ntilde;&iacute;a de Jes&uacute;s. El &uacute;ltimo piso se a&ntilde;adi&oacute; a finales del s. XIX. El frontis que representaba a Minerva fue sustituido entonces por las estatuas gigantes de los benefactores de la Universidad: Lope G&oacute;mez de Marzoa, Juan de Ulloa, &Aacute;lvaro de Cadaval y el conde de Monterrey.</p> <p>&nbsp;</p>",Xeografa.jpg,España,-8.54192129,2019-10-30T14:28:00,0,32587,Santiago de Compostela,Travesía da Universidade 1,4762361.13730097,2010-10-04T14:20:00,42.87879418,4762361.13730097,http://www.santiagoturismo.com/monumentos/facultade-de-xeografia-e-historia
20,20,0,Seminario Menor,seminario-menor,2010-03-04T12:42:00,<p>S. XX. <br /><br />Se trata de una construcci&oacute;n de los a&ntilde;os cincuenta. Funciona como colegio y como Albergue de Peregrinos. <br /><br /></p>,0, ,2016/11/SeminarioMenor.jpg, ,-8.53654900,2016-11-15T11:42:00,0,146, ,"Belvís, s/n.",4762099.86872849,2010-03-04T12:07:00,42.87670300,4762099.86872849,http://www.santiagoturismo.com/monumentos/seminario-menor
21,21,15706,Monasterio e Iglesia de Santa María de Conxo,mosteiro-e-igrexa-de-santa-maria-de-conxo,2010-03-04T12:42:00,"<p>Iglesia: s. XVII. Barroca. Claustro rom&aacute;nico.<br /><br />En el centro del barrio de Conxo est&aacute; el Monasterio de Santa Mar&iacute;a. Seg&uacute;n la tradici&oacute;n, fue fundado por la se&ntilde;ora Rusuida para dar digna sepultura a su marido, asesinado cuando hacia el Camino de Santiago. En cualquier caso, los documentos hist&oacute;ricos atribuyen la fundaci&oacute;n al arzobispo Xelm&iacute;rez con el fin de albergar una comunidad de monjas.</p> <p>El claustro rom&aacute;nico de la &eacute;poca de su fundaci&oacute;n en el siglo XII, conserva dos de sus alas en las que se puede leer la inscripci&oacute;n fundacional del a&ntilde;o 1129. Las monjas que lo habitaban pasaron al Monasterio de Antealtares en el siglo XV. Posteriormente fue habitado por frailes mercedarios.En el siglo XIX, tras el traslado de esta congregaci&oacute;n a Poio,&nbsp;acogi&oacute; el Sanatorio Psiqui&aacute;trico Provincial. Desde 1993, es Hospital Psiqui&aacute;trico perteneciente al sistema sanitario p&uacute;blico. El claustro rom&aacute;nico puede visitarse solicitando permiso en la recepci&oacute;n del Sanatorio.</p> <p>La iglesia actual obra de Gonz&aacute;lez de Ara&uacute;jo data del siglo XVII. En su interior conserva un retablo barroco con im&aacute;genes de gran valor, entre las que destaca el Cristo crucificado de Gregorio Fern&aacute;ndez, una imagen muy realista. Del siglo XVIII es la porter&iacute;a que se debe a Clemente Fern&aacute;ndez Sarela.</p>",18, ,2020/03/TSABMMG7973.jpg,España,-8.55598358,2020-03-09T13:37:00,0,129,Santiago de Compostela,Rúa do Campo de Conxo,4760657.36761801,2010-03-04T12:07:00,42.86277334,4760657.36761801,http://www.santiagoturismo.com/monumentos/mosteiro-e-igrexa-de-santa-maria-de-conxo
22,22,15705,Iglesia de la Tercera Orden,igrexa-da-terceira-orde,2010-03-04T12:42:00,"<p>S. XVIII. Barroco. <br /><br />En &aacute;ngulo con la portada del templo de San Francisco, Domingo de Andrade edific&oacute; la capilla de la Venerable Orden Tercera. Su retablo fue trazado por Miguel de Romai en 1714. <br /><br /></p>",19, ,TerceiraOrde2.jpg,España,-8.54578877,2017-02-28T13:06:00,0,118,Santiago de Compostela,Rúa do Campiño de San Francisco 2,4762853.48029616,2010-03-04T12:07:00,42.88303834,4762853.48029616,http://www.santiagoturismo.com/monumentos/igrexa-da-terceira-orde
23,23,15702,Pazo de Santa Cruz,pazo-de-santa-cruz,2010-03-04T12:42:00,"<p>Principios s. XIX. <br /><br />Se trata de un edificio de tres plantas, obra del arquitecto Fernando Dom&iacute;nguez y Romay. La planta baja destaca por la austera decoraci&oacute;n basada en un ligero almohadillado. En el primer piso destacan los balcones de hierro enroscado. Sobre la cornisa lleva un front&oacute;n triangular bajo el que se sit&uacute;a el escudo del Marqu&eacute;s de Santa Cruz.</p>",0, ,SantaCruzcrop.jpg, ,-8.54317900,2013-12-01T23:54:00,0,147,Santiago de Compostela,"Rúa Nova, 9",4762429.11158016,2010-03-04T12:07:00,42.87934500,4762429.11158016,http://www.santiagoturismo.com/monumentos/pazo-de-santa-cruz
24,24,15703,"Convento, Iglesia y Colegio de las Huérfanas",convento-igrexa-e-colexio-das-orfas-3,2010-03-04T12:42:00,"<p>S. XVII. Barroco.<br /><br />En la r&uacute;a das Orfas, se hallan la iglesia y el colegio del mismo nombre. El Arzobispo Juan de Sanclemente fund&oacute; este edificio a finales del siglo XVI para dar alojamiento y educaci&oacute;n a ni&ntilde;as hu&eacute;rfanas o de pocos recursos. M&aacute;s tarde fue modificado por Domingo de Andrade y Fernando de Casas y N&oacute;voa. La iglesia fue construida por Melchor Velasco en 1671. En el retablo del altar mayor, obra de Francisco de Lens, sobresale una Inmaculada de Gambino, entre San Jos&eacute; y Santiago. En la actualidad es sede del colegio Nuestra Se&ntilde;ora de los Remedios.<br /><br /></p>",19, ,070111SantiagoConventodelasHurfanasplumayacuarelaemail.jpg,España,-8.54367287,2017-02-28T12:49:00,0,117,Santiago de Compostela,Rúa das Orfas 5,4762268.46203313,2010-03-04T12:07:00,42.87787486,4762268.46203313,http://www.santiagoturismo.com/monumentos/convento-igrexa-e-colexio-das-orfas-3
25,25,15703,Iglesia de la Compañía o de la Universidad,igrexa-da-compania-ou-da-universidade,2010-03-04T12:42:00,"<p>S. XVII. Barroco.<br /><br />Junto a la Facultad de Geograf&iacute;a e Historia se levanta la Iglesia de la Compa&ntilde;&iacute;a. Fue construida por los jesuitas en el siglo XVII. A finales del siglo XVIII, cuando la <script src=""/js/tiny_mce/themes/advanced/langs/en.js"" type=""text/javascript""></script> orden fue expulsada de Espa&ntilde;a, pas&oacute; a ser capilla de la Universidad y las im&aacute;genes de la fachada que representaban a San Ignacio y a San Francisco Javier fueron modificadas para representar a San Pedro y a San Pablo. Tiene un valioso retablo mayor barroco en su interior.</p> <p>Hoy el edificio se usa activamente como sala de exposiciones y sede de la Orquesta de la Universidade de Santiago de Compostela.</p>",18,"<p>S. XVII. Barroco.&nbsp;Fue construida por los jesuitas en el siglo XVII.&nbsp;Tiene valiosos retablos barrocos en su interior, entre los que destaca el retablo mayor, de Sim&oacute;n Rodr&iacute;guez.&nbsp;</p>",070101SantiagoIglesiaUniversidadplumayacuarelaemail.jpg,España,-8.54230464,2017-03-07T16:59:00,0,116,Santiago de Compostela,Praza da Universidade,4762337.43175855,2010-03-04T12:10:00,42.87856217,4762337.43175855,http://www.santiagoturismo.com/monumentos/igrexa-da-compania-ou-da-universidade
26,26,15704,Convento e Iglesia de San Francisco,convento-e-igrexa-de-san-francisco,2010-05-14T14:04:00,"<p>S. XVII. Barroco. <br /><br />El Convento de San Francisco de Valdedi&oacute;s fue fundado por San Francisco de As&iacute;s en su visita a Santiago de Compostela en 1214, en el lugar de Val de Dios. El terreno fue comprado a los monjes de San Marti&ntilde;o Pinario por la simb&oacute;lica renta anual de una cesta de truchas. La fundaci&oacute;n, envuelta en leyendas, est&aacute; descrita en una inscripci&oacute;n en el muro del actual convento. Se dice all&iacute; que San Francisco encarg&oacute; su construcci&oacute;n a un carbonero llamado Cotolay, que encontr&oacute; milagrosamente un tesoro con el que pudo costear esta obra. <br /><br />Del edificio original s&oacute;lo se conservan cinco arcos g&oacute;ticos en el claustro y el sepulcro de Cotolay. El actual templo barroco se construy&oacute; entre 1742 y 1749 y es de gran simplicidad y pureza formal. Posteriormente una reforma neocl&aacute;sica retoc&oacute; la fachada, que cuenta con una imagen de San Francisco realizada por el escultor Ferreiro. <br /><br />En el atrio destaca el Monumento a San Francisco, concebido como un gigantesco crucero por el escultor Francisco Asorey. <br /><br />El claustro del convento es de principios del siglo XVII y se atribuye a X&aacute;come Fern&aacute;ndez. <br /><br />El Museo de Terra Santa, vinculado a este convento, guarda objetos referentes a los Santos Lugares, as&iacute; como otros de la tradici&oacute;n peregrina.</p>",17, ,0383.jpg,España,-8.54508337,2015-03-11T13:43:00,0,115,Santiago de Compostela,Rúa do Campiño de San Francisco 3,4762869.46621500,2010-03-04T12:10:00,42.88321652,4762869.46621500,http://www.santiagoturismo.com/monumentos/convento-e-igrexa-de-san-francisco
27,27,15703,Convento de Belvís,114,2010-03-08T22:29:00,"<p>S. XIV. Barroco.<br /><br />Fundado en el siglo XIV por Teresa Gonz&aacute;lez, fue reedificado en &eacute;poca barroca por el arzobispo mejicano Monroy, de la orden de los dominicos. <br /><br />Se encuentra algo alejado del conjunto hist&oacute;rico, pero se puede llegar a &eacute;l caminando por la singular R&uacute;a das Trompas. <br /><br />La iglesia es obra de Fernando de Casas y Novoa. Lo m&aacute;s destacado es la fachada del comulgatorio en la que Fernando de Casas utiliza su caracter&iacute;stica decoraci&oacute;n geom&eacute;trico-vegetal. <br /><br />En el templo se venera a la Virgen del Portal, la figura cuyo hallazgo motiv&oacute; la fundaci&oacute;n del convento en 1313. La leyenda le atribuye el milagro de 'huir' de su capilla y aparecer en el peque&ntilde;o nicho de la porter&iacute;a donde estuvo originalmente colocada.<br /><br /></p>",19, ,070319SantiagoConventodeBelvsplumaycoloremail.jpg,España,-8.53757858,2017-03-01T13:29:00,0,114,Santiago de Compostela,Rúa de Belvís 2,4762273.17522781,2010-03-04T12:07:00,42.87821314,4762273.17522781,http://www.santiagoturismo.com/monumentos/114
28,28,15701,Iglesia del Pilar,igrexa-do-pilar-1,2010-03-04T12:42:00,"<p>S. XVIII. Barroca. <br /><br />Enclavada en el parque m&aacute;s emblem&aacute;tico de Santiago, la Alameda, al lado del paseo en forma de U conocido como Paseo da Ferradura, se levanta este templo de estilo barroco. Consta de planta de cruz latina con crucero y presbiterio. <br /><br /></p>",18, ,ElPilar01.jpg,España,-8.54817576,2017-02-28T13:26:00,0,126,Santiago de Compostela,Avenida de Xoán Carlos I,4762136.82457912,2010-03-04T12:07:00,42.87647107,4762136.82457912,http://www.santiagoturismo.com/monumentos/igrexa-do-pilar-1
29,29,15703,Convento del Colegio de la Compañía de María o de la Enseñanza,convento-do-colexio-da-compania-de-maria-ou-da-ensinanza,2010-03-04T12:42:00,"<p>S. XVIII. Barroco.<br /><br />Fue fundado por el Arzobispo Raxoi en 1765 como colegio de se&ntilde;oritas nobles. Su construcci&oacute;n fue finalizada en el a&ntilde;o 1821 por el arzobispo M&uacute;zquiz, cuyo escudo de armas aparece en el front&oacute;n de la fachada neocl&aacute;sica del convento. La iglesia es de planta de cruz griega. Hoy es colegio y residencia de la Compa&ntilde;&iacute;a de Mar&iacute;a. <br /><br /></p>",18, ,0620.jpg,España,-8.54113550,2017-02-28T13:45:00,0,153,Santiago de Compostela,Rúa da Ensinanza 3,4762345.10369383,2010-03-04T12:07:00,42.87868800,4762345.10369383,http://www.santiagoturismo.com/monumentos/convento-do-colexio-da-compania-de-maria-ou-da-ensinanza
30,30,15704,Iglesia de San Miguel dos Agros,igrexa-de-san-miguel-dos-agros-3,2010-03-04T12:42:00,"<p>S. XVIII. Neocl&aacute;sico. <br /><br /><br />De espaldas a San Marti&ntilde;o Pinario, en la Plaza de San Miguel, se levanta una iglesia del siglo XVIII sin m&eacute;rito art&iacute;stico especial. La fachada se debe a Melchor de Prado Mari&ntilde;o. Cuatro pilastras j&oacute;nicas acanaladas en un gran &oacute;culo central animan esta desnuda obra arquitect&oacute;nica.</p>",20, ,070308SantiagoIglesiadeSanMiguelplumayacuarelaemail.jpg,España,-8.54307996,2017-02-28T14:45:00,0,122,Santiago de Compostela,Praza de San Miguel dos Agros,4762735.28638268,2010-03-04T12:07:00,42.88210597,4762735.28638268,http://www.santiagoturismo.com/monumentos/igrexa-de-san-miguel-dos-agros-3
31,31,15704,Pazo de Feixoo,pazo-de-feixoo,2010-03-04T12:42:00,"<p>Principios S. XVIII. Barroco.<br /><br />Palacio obra de Domingo de Andrade, en el que el autor resume su ideal sobre la construcci&oacute;n de un palacio urbano. La obra fue encargada por el can&oacute;nigo Don Juan Antonio Somoza. Destacan el amplio vest&iacute;bulo y la impresionante escalera.</p>",20, ,0663.jpg,España,-8.54235595,2017-10-11T14:06:00,0,133,Santiago de Compostela,Praza de Feixóo 1,4762502.30812829,2010-03-04T12:07:00,42.88004388,4762502.30812829,http://www.santiagoturismo.com/monumentos/pazo-de-feixoo
32,32,15704,Colegio de San Xerome,colexio-de-san-xerome,2010-03-04T12:42:00,"<p>S. XVII.</p> <p>El Colegio de San Xerome era el llamado Estudio Viejo, establecido por el arzobispo Fonseca III para estudiantes pobres, cerca del <a href=""http://www.santiagoturismo.com/monumentos/mosteiro-e-igrexa-de-san-martino-pinario"">Convento de San Marti&ntilde;o</a>. Cuando los monjes de San Marti&ntilde;o Pinario lo compraron para ampliar el convento, se levant&oacute; este nuevo edificio en la Praza do Obradoiro. En su entrada se instal&oacute; la portada rom&aacute;nico-g&oacute;tica del antiguo colegio. En el centro de la arquivolta figura la Virgen con el Ni&ntilde;o rodeada de numerosos santos. El t&iacute;mpano est&aacute; presidido por la Inmaculada. Sobre la portada encontramos el escudo del fundador, el arzobispo Fonseca. En el interior, que en la actualidad alberga el Rectorado de la Universidad, hay un patio clasicista que hoy vemos acristalado.</p>",20,"<p>S. XVII. El Colegio de San Xerome era el llamado Estudio Viejo, establecido por el arzobispo Fonseca III para estudiantes pobres, cerca del <a href=""http://www.santiagoturismo.com/monumentos/mosteiro-e-igrexa-de-san-martino-pinario"">Convento de San Marti&ntilde;o</a>. Cuando los monjes de San Marti&ntilde;o Pinario lo compraron para ampliar el convento, se levant&oacute; este nuevo edificio en la Praza do Obradoiro.</p> <p>&nbsp;</p>",061226SantiagoPazoSanXeromeplumayacuarelaemail.jpg,España,-8.54548754,2019-04-05T11:33:00,0,113,Santiago de Compostela,Praza do Obradoiro,4762537.06383892,2010-03-04T12:10:00,42.88020463,4762537.06383892,http://www.santiagoturismo.com/monumentos/colexio-de-san-xerome
33,33,15704,Pazo de Amarante,pazo-de-amarante,2010-03-04T12:42:00,"<p>S. XVIII. Barroco.<br /><br />Se trata de una edificaci&oacute;n civil del s.XVIII, dise&ntilde;ada siguiendo las pautas del estilo barroco. Destaca el escudo de los Amarante-Camarasa, que podemos ver en la fachada. Acogi&oacute; hace a&ntilde;os los antiguos juzgados.</p> <p>El pazo cuenta con un jard&iacute;n de 800 metros cuadrados y con una zona de acceso de 525 metros cuadrados, y en &eacute;l se conservan distintas especies de &aacute;rboles de porte muy antiguo.</p>",10,"<p>S. XVIII. Barroco. Se trata de una edificaci&oacute;n civil, dise&ntilde;ada siguiendo las pautas del estilo barroco. Destaca el escudo de los Amarante-Camarasa, que podemos ver en la fachada. Acogi&oacute; hace a&ntilde;os los antiguos juzgados.</p>",PazodeAmarantecrop.jpg,España,-8.54169800,2019-07-05T10:20:00,0,112,Santiago de Compostela,Rúa da Algalia de Abaixo 26,4762773.49211043,2010-03-04T12:07:00,42.88251700,4762773.49211043,http://www.santiagoturismo.com/monumentos/pazo-de-amarante
34,34,15705,Casa das Pomas,casa-das-pomas,2010-03-04T12:42:00,<p>Finales S. XVII. <br /><br />Probablemente fue Andrade quien estableci&oacute; el plano definitivo de esta casa. Destaca por la serie de frutas esculpidas en los extremos de la fachada y que cuelgan desde una concha situada en la parte superior.</p>,20, ,2019/10/casadaspomas4de7.jpg,España,-8.54345781,2020-10-19T12:16:00,0,107,Santiago de Compostela,Rúa Nova 12,4762421.17010930,2010-03-04T12:07:00,42.87925997,4762421.17010930,http://www.santiagoturismo.com/monumentos/casa-das-pomas
35,35,15703,Iglesia de San Pedro,igrexa-de-san-pedro,2010-03-04T12:42:00,"<p>S. XVIII. Neocl&aacute;sico. <br /><br />Bajando por la r&uacute;a de San Pedro, siguiendo en sentido contrario el camino que conduce a los peregrinos del Camino Franc&eacute;s hacia Porta do Cami&ntilde;o, nos encontramos esta iglesia de estilo neocl&aacute;sico. Conserva algunos restos de la primitiva construcci&oacute;n del antiguo monasterio de San Pedro de F&oacute;ra, del siglo XII, sobre el que se levant&oacute; la nueva f&aacute;brica. <br /><br />En su atrio se descubrieron restos de enterramientos, muy probablemente de monjes y peregrinos de los siglos XII a XV enterrados en el antiguo monasterio benedictino, que prest&oacute; servicio de hospeder&iacute;a a los devotos del Ap&oacute;stol mucho antes de que se construyera el Hostal de los Reyes Cat&oacute;licos en el siglo XVI. <br /><br />En el interior del templo destacan las tallas de Ferreiro. <br /><br /></p>",19, ,CopiadeIgrexadeSanPedrocrop.jpg,España,-8.53779589,2019-01-24T14:54:00,0,123,Santiago de Compostela,Calzada de San Pedro,4762598.77887906,2010-03-04T12:07:00,42.88113365,4762598.77887906,http://www.santiagoturismo.com/monumentos/igrexa-de-san-pedro
36,36,15704,Iglesia de Santa María do Camiño,igrexa-de-santa-maria-do-camino,2010-03-04T12:42:00,"<p>S.XVIII. Neocl&aacute;sico.</p> <p>Este templo, situado en la confluencia de las r&uacute;as Travesa y Oliveira, fue reconstruido sustituyendo al primitivo de &eacute;poca rom&aacute;nica. Miguel Ferro Caaveiro remat&oacute; las obras alrededor de 1770. Destacan la imagen neocl&aacute;sica de la Inmaculada de Manuel Prado Mari&ntilde;o, de canon muy esbelto, que aparece pisando la serpiente; un retablo mayor de Manuel de Leis e im&aacute;genes rococ&oacute; de Bieito Silveira. <br /><br /><br /><br /><br /><br /></p>",20, ,SantaMariadoCamio01.jpg,España,-8.54103240,2017-03-01T12:02:00,0,145,Santiago de Compostela,Rúa Travesa 20,4762671.42506343,2010-03-04T12:07:00,42.88163052,4762671.42506343,http://www.santiagoturismo.com/monumentos/igrexa-de-santa-maria-do-camino
37,37,15704,Pazo de Fondevila,pazo-de-fondevila,2010-03-04T12:42:00,"<p>Mediados s. XVIII.&nbsp; Barroco.<br /><br />Trazado por Clemente Fern&aacute;ndez Sarela, responde a la arquitectura palaciega t&iacute;pica del barroco compostelano. La decoraci&oacute;n se centra en la esquina en chafl&aacute;n del edificio, en la que podemos apreciar bajo un front&oacute;n circular, un ostentoso escudo. Es tambi&eacute;n destacable el enmarcado de los ventanales y los balcones volados.</p>",19, ,0661.jpg,España,-8.54165268,2015-03-04T10:59:00,0,134,Santiago de Compostela,"Rúa das Casas Reais, 12",4762656.82116094,2010-03-04T12:07:00,42.88146894,4762656.82116094,http://www.santiagoturismo.com/monumentos/pazo-de-fondevila
38,38,15705,Pazo de Raxoi,pazo-de-raxoi,2010-03-04T12:42:00,"<p>S. XVIII. <br /><br />Cerrando la Praza do Obradoiro y situado frente a la fachada oeste de la Catedral, se levanta este palacio, mandado construir por el arzobispo Raxoi en 1766, para residencia de los ni&ntilde;os del coro y seminario. Las obras fueron ejecutadas por el ingeniero franc&eacute;s Charles Lemaur. La larga fachada abierta con un elegante soportal, dota al edificio de una marcada horizontalidad. En el centro de la fachada puede verse un front&oacute;n con un relieve en m&aacute;rmol, en el que se representa la batalla de Clavijo, obra de Gambino y Ferreiro, coronado por la estatua ecuestre de Santiago. En el interior destaca la escalera rococ&oacute; dise&ntilde;ada tambi&eacute;n por Lemaur. En la actualidad es sede del Ayuntamiento compostelano, del Consello da Cultura Galega y de algunas dependencias del Gobierno de la Xunta de Galicia.</p>",18,"<p>S. XVIII.&nbsp;Cerrando la Praza do Obradoiro y situado frente a la fachada oeste de la Catedral, se levanta este palacio, mandado construir por el arzobispo Raxoi en 1766, para residencia de los ni&ntilde;os del coro y seminario. Las obras fueron ejecutadas por el ingeniero franc&eacute;s Charles Lemaur. La larga fachada abierta con un elegante soportal, dota al edificio de una marcada horizontalidad.</p>",20150211140719_PazodeRaxoi.jpg,España,-8.54617667,2017-03-08T14:48:00,0,135,Santiago de Compostela,Praza do Obradoiro,4762555.48062748,2010-03-04T12:10:00,42.88033693,4762555.48062748,http://www.santiagoturismo.com/monumentos/pazo-de-raxoi
39,39,15705,Pazo de San Lourenzo de Trasouto,pazo-de-san-lourenzo-de-trasouto,2010-03-04T12:42:00,"<p>S. XIII.</p> <p>Tras el frondoso robledal de San Lourenzo, se levanta este palacio mandado construir por el Obispo de Zamora, Mart&iacute;n Arias, en el siglo XIII. Estuvo ocupado por franciscanos y en el siglo XIX pas&oacute; a ser propiedad de los condes de Altamira que lo empleaban como residencia. Estos Condes fueron los que trajeron para el palacio desde el convento de San Francisco de Sevilla el hermoso retablo de m&aacute;rmol de Carrara del siglo XVI. A pesar de las numerosas reformas, conserva las naves rom&aacute;nicas del primer edificio. En la actualidad se explota como establecimiento de restauraci&oacute;n.</p>",18,"<p>S. XIII. Tras el frondoso robledal de San Lourenzo, se levanta este palacio mandado construir por el Obispo de Zamora, Mart&iacute;n Arias, en el siglo XIII. Estuvo ocupado por franciscanos y en el siglo XIX pas&oacute; a ser propiedad de los condes de Altamira que lo empleaban como residencia.</p> <p>&nbsp;</p>",pazodesanlourenzo.jpg,España,-8.55732535,2017-03-08T13:16:00,0,136,Santiago de Compostela,Estrada de San Lourenzo ,4762353.12479049,2010-03-04T12:07:00,42.87797303,4762353.12479049,http://www.santiagoturismo.com/monumentos/pazo-de-san-lourenzo-de-trasouto
40,40,0,Casa-pazo de Vaamonde,casa-pazo-de-vaamonde,2010-03-04T12:42:00,"<p>S. XVIII. <br /><br />Edificio del siglo XVIII, formado por un bajo y dos plantas, que sobresale de la alineaci&oacute;n de las casas anteriores por medio de soportales. Destacan el escudo situado en la fachada del primer piso, el balc&oacute;n que se proyecta sobre la calle en el segundo, el llamador de la puerta- obra del escultor Francisco Asorey- y la vistosa cristalera de la puerta interior. Por el lado derecho delimita el callej&oacute;n de Entrerr&uacute;as, el m&aacute;s estrecho de Santiago y en el que apenas se pueden cruzar dos personas. En la actualidad es sede del Consorcio de Santiago.</p>",0, ,20100422115643SpainSantiago.jpg, ,-8.54476700,2013-11-19T12:19:00,0,137, ,"Rúa do Vilar, 59",4762301.82039706,2010-03-04T12:07:00,42.87812200,4762301.82039706,http://www.santiagoturismo.com/monumentos/casa-pazo-de-vaamonde
41,41,15705,Casa-pazo de los Fonseca,casa-pazo-dos-fonseca,2010-03-04T12:42:00,"<p>Mediados s. XVI. Renacentista.<br /><br />De este palacio renacentista obra de Rodrigo Gil de Honta&ntilde;&oacute;n, s&oacute;lo se conserva el primer cuerpo formado por las cuatro arcadas de dicho estilo en la planta baja. Sobresalen sobre las uniones de los arcos los medallones que representan de izquierda a derecha a Pierres, Lucrecia y Paris. En los extremos tambi&eacute;n se conservan dos tritones sosteniendo unos escudos en los que se puede ver el blas&oacute;n de los Fonseca.</p>",20, ,PazodosFonsecaTrasSalom.jpg,España,-8.54317462,2017-10-11T13:14:00,0,131,Santiago de Compostela,Rúa de Trás Salomé 3,4762327.90435897,2010-03-04T12:10:00,42.87843416,4762327.90435897,http://www.santiagoturismo.com/monumentos/casa-pazo-dos-fonseca
42,42,15704,Pazo de Xelmírez,pazo-de-xelmirez-2,2010-03-04T12:42:00,"<p>S. XII. Rom&aacute;nico.<br /><br />Apoyado en el costado norte de la Catedral, y hacia la Praza do Obradoiro, se levanta este Palacio Episcopal mandado construir por el arzobispo Diego Xelm&iacute;rez para sustituir a la antigua residencia episcopal derribada durante las revueltas. En el siglo XVIII se le a&ntilde;adi&oacute; un nuevo piso sobre los dos iniciales, que desentona de la primitiva construcci&oacute;n rom&aacute;nica, y que oblig&oacute; a reforzar los muros con una nueva fachada a modo de contrafuerte. <br /><br />Se accede al interior de este edificio a trav&eacute;s de la puerta que da a la Plaza del Obradoiro. Al traspasar la puerta podemos ver el primitivo p&oacute;rtico rom&aacute;nico que qued&oacute; oculto tras la nueva fachada del siglo XVIII. En el segundo piso destacan la interesante cocina medieval y el Sal&oacute;n de Fiestas y Comidas del siglo XIII. Destacan en este sal&oacute;n las m&eacute;nsulas sobre las que se apoyan los nervios de los arcos que sustentan la b&oacute;veda de crucer&iacute;a, todas ellas decoradas con escenas de un fest&iacute;n medieval.</p>",19,"<p>S. XII. Rom&aacute;nico. Apoyado en el costado norte de la Catedral, y hacia la Praza do Obradoiro, se levanta este Palacio Episcopal mandado construir por el arzobispo Diego Xelm&iacute;rez para sustituir a la antigua residencia episcopal derribada durante las revueltas.&nbsp;En el segundo piso destacan la interesante cocina medieval y el Sal&oacute;n de Fiestas y Comidas del siglo XIII.</p>",2016/11/PazodeXelmrez.jpg,España,-8.54536972,2017-03-08T14:09:00,0,138,Santiago de Compostela,Praza do Obradoiro,4762598.04378859,2010-03-04T12:10:00,42.88075929,4762598.04378859,http://www.santiagoturismo.com/monumentos/pazo-de-xelmirez-2
43,43,15704,Casa Gótica,139,2010-03-04T12:42:00,"<p>S. XIV. G&oacute;tica.<br /><br />Este edificio tambi&eacute;n conocido como Casa do Rei Don Pedro, es una muestra de la arquitectura civil compostelana del siglo XIV. De la primitiva construcci&oacute;n conserva en la parte baja de la fachada principal la puerta de entrada y una ventana con arcos apuntados. En el primer piso, vemos otra ventana con tracer&iacute;a dentro de un arco apuntado decorado.</p>",21,"<p>S. XIV. G&oacute;tica. Este edificio tambi&eacute;n conocido como Casa do Rei Don Pedro, es una muestra de la arquitectura civil compostelana del siglo XIV.&nbsp;</p>",070102SantiagoCasaGticaplumayacuarelayemail.jpg,España,-8.54281045,2020-10-19T12:18:00,0,139,Santiago de Compostela,Rúa de San Miguel dos Agros 4,4762734.60489654,2010-03-04T12:07:00,42.88211292,4762734.60489654,http://www.santiagoturismo.com/monumentos/139
44,44,15705,Iglesia de San Fructuoso,igrexa-de-san-fructuoso,2010-03-04T12:42:00,"<p>S. XVIII. Barroco. <br /><br />Conocido como iglesia de las Angustias de Abaixo, de la Real Angustia o sencillamente de San Fructuoso, este templo de estilo churrigueresco fue proyectado por Lucas Ferro Caaveiro en el siglo XVIII. En su construcci&oacute;n de planta central sobresale la grandiosa c&uacute;pula de media naranja. <br /><br />La fachada est&aacute; concebida para ser contemplada desde un plano superior, desde la Plaza del Obradoiro, por lo que la decoraci&oacute;n se concentra en la cornisa superior. All&iacute; se sit&uacute;an las im&aacute;genes de las cuatro virtudes cardinales, Prudencia, Justicia, Fortaleza y Templanza. La retranca popular pretende identificarlas con las cuatro sotas de la baraja espa&ntilde;ola. <br /><br />Completan la fachada un campanario adornado con volutas y pin&aacute;culos y una hornacina con la imagen de la Virgen de las Angustias. <br /><br />En el interior merece atenci&oacute;n la Piedad neocl&aacute;sica de Ant&oacute;n Fern&aacute;ndez o Vello que preside el altar mayor.<br /><br /></p>",19, ,061221SantiagoSanFructuosoplumayacuarelaemail.jpg,España,-8.54665260,2019-08-28T15:52:00,0,144,Santiago de Compostela,Rúa da Trindade,4762599.85779806,2010-03-04T12:07:00,42.88071328,4762599.85779806,http://www.santiagoturismo.com/monumentos/igrexa-de-san-fructuoso
45,45,15703,Convento e Iglesia de las Madres Mercedarias,143,2010-03-04T12:42:00,"<p>S. XVII. Barroco- neocl&aacute;sico. <br /><br />Extramuros, en la calle Fonte de Santo Antonio, frente a la puerta de Mazarelos, la &uacute;nica que se conserva de las antiguas murallas, se halla el Convento de las Madres Mercedarias. Fue fundado en 1671 por el Arzobispo Antonio Gir&oacute;n, cuyos restos reposan en su iglesia. En su fachada neocl&aacute;sica, flanqueada por pilastras corintias, destaca un relieve de la Anunciaci&oacute;n, obra del escultor barroco Mateo de Prado. <br /><br /><br /><br /><br /><br /><br /><br /><br /><br /><br /><br /></p>",19, ,061226SantiagoConventodelasMercedariasplumayacuarelaemail.jpg,España,-8.54202056,2017-03-01T12:37:00,0,143,Santiago de Compostela,Tránsito da Mercé 1,4762238.53706880,2010-03-04T12:07:00,42.87768572,4762238.53706880,http://www.santiagoturismo.com/monumentos/143
46,46,15705,Iglesia de Santa María Salomé,igrexa-de-santa-maria-salome-5,2010-03-04T12:42:00,"<p>S. XII-XVIII. Barroco.<br /><br />Hacia la mitad de la r&uacute;a Nova se halla una de las muchas iglesias que mand&oacute; construir el arzobispo Xelm&iacute;rez en el siglo XII, &eacute;poca de la que &uacute;nicamente conserva la portada y algunos peque&ntilde;os detalles m&aacute;s. Es la &uacute;nica iglesia espa&ntilde;ola dedicada a la madre del Ap&oacute;stol Santiago y San Juan Evangelista. Sobre la clave de la triple arquivolta destaca una imagen sedente de la Virgen del siglo XIV y a ambos lados las estatuas de la Virgen -en estado de gestaci&oacute;n- y el &aacute;ngel de la Anunciaci&oacute;n, pertenecientes a un grupo escult&oacute;rico del siglo XV. La torre barroca, construida en el siglo XVIII , es claro ejemplo de la popularidad alcanzada por el modelo de campanario de la iglesia de San Fiz de Solovio. En el interior se encuentran algunas tallas barrocas de la escuela compostelana.<br /><br /></p>",19, ,061221SantiagoSantaMSalomplumayacuarelaemail.jpg,España,-8.54371798,2017-03-01T11:21:00,0,124,Santiago de Compostela,Rúa Nova 31,4762337.21194602,2010-03-04T12:10:00,42.87849155,4762337.21194602,http://www.santiagoturismo.com/monumentos/igrexa-de-santa-maria-salome-5
47,47,15705,Iglesia de Santa Susana,igrexa-de-santa-susana,2010-03-04T12:42:00,"<p>S. XII. Rom&aacute;nico-g&oacute;tica. <br /><br />Localizada en la Alameda, en el pe&ntilde;asco que alberga la <em>carballeira </em>(""robledal"") del mismo nombre, se levanta esta iglesia, uno de los templos que consagr&oacute; el Arzobispo Xelm&iacute;rez en 1102, para acoger las reliquias de Santa Susana tra&iacute;das desde Portugal. El templo actual es una reconstrucci&oacute;n de los siglos XVII y XVIII, que conserv&oacute; como &uacute;nicas muestras de la primitiva obra rom&aacute;nica, la puerta principal, algunos modillones y la ventana con su tragaluz. Tambi&eacute;n se conserva la cruz g&oacute;tica sobre el &aacute;pice de la nave.<br /><br /></p>",18, ,070228IglesiadeSantaSusanaplumaycoloremail.jpg,España,-8.54926229,2013-12-01T19:56:00,0,125,Santiago de Compostela,Rúa do Campiño da Ferradura ,4762256.25221464,2010-03-04T12:10:00,42.87749332,4762256.25221464,http://www.santiagoturismo.com/monumentos/igrexa-de-santa-susana
48,48,0,Iglesia da Nosa Señora da Angustia,igrexa-da-nosa-senora-da-angustia,2010-03-04T12:42:00,"<p>S. XVIII. Neocl&aacute;sico. <br /><br />En la confluencia de las calles Campo da Angustia y r&uacute;a de Betanzos se alza este templo del siglo XVIII que, junto con el atrio, forma un conjunto proyectado siguiendo las pautas del neoclasicismo. <br /><br /></p>",0, ,SeoradaAngustia.jpg, ,-8.53552900,2019-01-25T14:22:00,0,152, ,"Campo da Angustia, s/n.",4762722.35052905,2010-03-04T12:07:00,42.88235600,4762722.35052905,http://www.santiagoturismo.com/monumentos/igrexa-da-nosa-senora-da-angustia
49,50,15704,Iglesia de San Fiz de Solovio,igrexa-de-san-fiz-de-solovio-4,2010-03-04T12:42:00,"<p>S. XVIII. Barroco.</p> <p>Es el templo compostelano de ra&iacute;ces m&aacute;s antiguas. De acuerdo con la tradici&oacute;n, all&iacute; moraba el ermita&ntilde;o Paio, descubridor de las reliquias del Ap&oacute;stol, a las que fue conducido por luces celestiales. La capilla altomedieval fue destruida por Almanzor y reconstruida por Diego Xelm&iacute;rez en el siglo XII. De hecho, el C&oacute;dice Calixtino la menciona ya entre las diez iglesias que ten&iacute;a Compostela en esa &eacute;poca. <br /><br />S&oacute;lo la portada es rom&aacute;nica. El t&iacute;mpano policromado que representa en relieve la Adoraci&oacute;n de los Magos fue realizado en 1316; la torre y el resto de la iglesia actual son obra de Sim&oacute;n Rodr&iacute;guez, quien en el siglo XVIII ampli&oacute; el recinto considerablemente y construy&oacute; un nuevo campanario con una factura que ser&iacute;a muy imitada en Galicia en los a&ntilde;os posteriores. <br /><br /></p>",19, ,SanFizdeSoloviofinal.jpg,España,-8.54173861,2020-09-18T13:07:00,0,121,Santiago de Compostela,Praza de San Fiz de Solovio,4762428.35528123,2010-03-04T12:10:00,42.87940814,4762428.35528123,http://www.santiagoturismo.com/monumentos/igrexa-de-san-fiz-de-solovio-4
50,51,15704,Iglesia de San Bieito do Campo,igrexa-de-san-bieito-do-campo-3,2010-03-04T12:42:00,"<p>S. XVIII. Neocl&aacute;sico. <br /><br />Fue levantada por Prado Mari&ntilde;o sobre unas antiguas dependencias del siglo X que ya fueran reconstruidas en el siglo XII por el arzobispo Xelm&iacute;rez. La iglesia a pesar de la sobriedad y la pureza de l&iacute;neas y dentro de su peque&ntilde;o tama&ntilde;o, conserva un cierto aspecto monumental acentuado por su aislamiento en la plaza. Presenta una &uacute;nica torre central y una sola nave con capillas laterales. En su interior destacan las hermosas tallas barrocas de San Antonio, San Jos&eacute; y&nbsp;San Juan Bautista.</p>",19, ,070308SantiagoIglesiadeSanBenitoplumayacuarelaemail.jpg,España,-8.54217039,2017-02-28T14:04:00,0,120,Santiago de Compostela,Praza de Cervantes,4762616.62950470,2010-03-04T12:10:00,42.88108200,4762616.62950470,http://www.santiagoturismo.com/monumentos/igrexa-de-san-bieito-do-campo-3
